,Combo_ID,Slope
0,60001,-2.180278326745713
1,85358,-1.4875592885375608
2,85761,0.10820158102766798
3,85799,-0.07516057312253026
4,85863,2.0423143939394013
5,85970,-0.09155138339920875
6,86280,0.07598814229248953
7,86642,4.015933794466412
8,87174,-1.1094696969696938
9,87570,-0.04495223978919131
10,87599,-5.721729907773381
11,87668,0.8715167984189679
12,200027,0.6982444005270148
13,200197,-0.7364369235836642
14,201059,-0.2530434782608709
15,202398,0.8012845849802375
16,208802,2.4960622529644283
17,209531,-0.0677799736495399
18,211839,0.27228162055335253
19,212452,1.727238495200453
20,214277,0.7078985507246363
21,216391,-0.48756538208168787
22,223609,1.6167885375494015
23,500248,2.2100889328063125
24,500322,-0.6169960474308318
25,500519,-1.2513833992094907
26,500714,-3.771666784302656
27,500951,0.2676383399209456
28,500994,-3.2617891022021284
29,501132,-0.20810276679841924
30,502179,-0.36122529644268725
31,502180,-0.9373270750988143
32,502181,0.183893280632409
33,502420,0.8083745059288522
34,502645,1.29743083003952
35,502760,0.14126152832674554
36,503653,0.7529743083003954
37,503959,-0.06788537549407034
38,504485,-1.3321146245059345
39,504558,1.75993083003953
40,504619,1.2091897233201603
41,504655,0.8387895256916897
42,504684,0.4549901185770732
43,504721,1.7359881422924957
44,504783,1.3579051383399254
45,504791,-1.236684782608695
46,504989,-0.11082015810276177
47,504992,-0.7993577075098832
48,504993,-1.3353483201581005
49,504994,-1.6661693017127805
50,504996,-1.9041254940711463
51,505014,-3.607806324110665
52,505096,0.9639888010540159
53,505167,0.046472332015810934
54,505244,-0.28932806324110766
55,505327,0.15319499341238235
56,505333,0.34565217391304076
57,505400,-0.05785573122529719
58,505578,0.8226284584980204
59,505579,-0.932638339920964
60,505703,0.019345355731222858
61,505767,-4.36660079051382
62,505967,0.8607213438735196
63,506309,-0.04474637681159547
64,506340,0.5559845191040855
65,506506,-0.06651479860718909
66,506580,-0.6025197628458474
67,506602,2.2892687747035687
68,506603,-0.3008777997364997
69,506605,-0.3984601449275365
70,506979,8.374570158102873
71,507177,1.4448386034255658
72,507248,-1.1420800395256887
73,508422,-3.2370034584980245
74,508652,0.2025345849802373
75,509095,-0.5765814393939355
76,509106,0.15802042160737753
77,509491,0.07024209486165932
78,509495,0.024590469916555658
79,509579,0.29401185770751087
80,509587,1.5395464426877465
81,509590,-9.889110671936782
82,509660,-0.05818470026350474
83,509984,0.17208498023715374
84,510003,1.0191205533596783
85,510018,0.25628787878788034
86,510465,0.34392292490118354
87,510879,-0.7201655138339919
88,510880,0.39286067193675994
89,510904,0.6480830039525695
90,510925,0.15316205533596625
91,511301,0.55839920948617
92,511305,0.542065217391304
93,511557,0.15880270092227064
94,511633,0.34140316205533355
95,511771,6.493873517786596
96,512259,0.6441897233201592
97,512430,-2.0299901185770723
98,512431,-1.237109683794465
99,512462,0.5622117918313473
100,512922,-0.09825098814229177
101,512995,-5.43020009881425
102,513567,-1.1761067193675883
103,513657,0.09500988142292398
104,513674,-1.2489575098814234
105,513675,-1.8465662055335939
106,513721,0.08631916996047004
107,513868,0.1604743083003945
108,515720,0.10067934782608697
109,516563,0.3094367588932839
110,516564,-0.3339262187088265
111,516565,-0.34595685111988944
112,516935,0.5933399209486196
113,516994,0.03192358366271312
114,517028,-0.6882444005270056
115,517029,-0.04027338603425362
116,517597,-1.7458992094861678
117,518331,0.511660079051376
118,519004,0.3760910737812854
119,519013,-0.12466403162055315
120,519065,-0.11613142292490782
121,519317,0.10090321733602331
122,519320,0.004928359683794097
123,519379,0.4407180500658789
124,519873,0.7040027997364952
125,520439,0.5666007905138368
126,520474,-1.5869565217391333
127,521125,1.11076086956522
128,521646,0.675889328063244
129,521996,-0.15321146245059333
130,522033,0.2137252964426886
131,522034,0.8159876482213397
132,522035,0.6688318746470915
133,522072,0.12159090909090853
134,522296,-0.5802042160737827
135,522559,-0.0665019762845827
136,522705,0.11741106719367679
137,522853,0.035375494071145853
138,522890,0.12732213438735157
139,523380,1.9682065217391456
140,523565,-1.9013504611330678
141,523815,1.8243824110671865
142,523906,-1.2346887351778648
143,524009,0.2314105731225262
144,524200,-0.08035573122530307
145,524266,-2.741370223978917
146,524267,-2.2343955862977487
147,524298,1.478903162055332
148,524344,-0.09654150197628465
149,524907,0.17922924901185652
150,525162,1.8092885375494026
151,525910,-0.14772727272727523
152,526251,3.6267539525691754
153,526935,0.16521739130434915
154,527324,-1.1243577075098712
155,527679,0.19128787878788073
156,528552,0.04142786561264791
157,529020,0.42180171277997325
158,529457,0.15899209486166715
159,529524,0.13730237154150043
160,530628,-1.8592424242424446
161,532224,0.050395256916997457
162,532813,0.17713438735177872
163,533639,1.2539525691699558
164,536189,0.4515316205533593
165,536357,1.8195158102766689
166,536616,-0.5085474308300436
167,536623,0.7378376152832709
168,536656,0.8306324110671985
169,536967,0.052378129117258344
170,536968,0.03126482213439487
171,537998,-0.08055830039526252
172,539629,-0.8030879446640298
173,540120,0.127173913043478
174,540148,0.9866106719367645
175,540451,2.231818181818192
176,540950,0.0527552700922278
177,541015,0.5296442687747024
178,541353,-1.8241847826086985
179,541372,1.8636875823451957
180,541850,-2.911422924901186
181,543019,0.3661566949347506
182,545711,0.04634057971014458
183,546173,0.9544400527009166
184,547292,1.2295108695652202
185,548777,-2.624545454545454
186,548995,0.26412318840579685
187,550757,0.3046442687747022
188,552115,0.8400592885375552
189,552116,0.9977124505928873
190,552118,-4.7709757905138215
191,552697,3.4203804347826017
192,553330,0.5146492094861645
193,554078,7.091600790513825
194,555780,0.30983366271409546
195,557247,0.06269762845849652
196,558091,-1.3370849802371563
197,558499,-2.253735177865594
198,559217,-3.1041699604743127
199,559218,1.0339624505928782
200,559219,0.8565118577075179
201,559571,0.00010046113307812076
202,560334,1.1758893280632388
203,560965,-0.08832509881422919
204,562286,1.043774703557313
205,563506,0.2808794466403159
206,564423,0.5969614624505909
207,564424,-2.8497332015810253
208,564575,0.25869565217390234
209,564894,0.8266551383399241
210,564895,0.35110671936758897
211,565161,-0.007707509881424664
212,565170,-1.9862697628458574
213,565329,1.5540513833992085
214,565428,0.42969944005269906
215,565552,-3.8838932806324067
216,565702,-0.940810276679842
217,566419,-1.5505484189723335
218,566939,-3.415587944664032
219,567973,-1.7614179841897213
220,568934,1.0286561264822043
221,568987,-0.2320428194993414
222,569182,-1.3710968379446653
223,569183,-1.2189920948616544
224,569386,-5.979377470355655
225,569391,-3.334832015810284
226,569560,2.9829051383399006
227,569710,-0.08952980895915627
228,569837,0.9560276679841853
229,569850,0.8427042160737827
230,571659,-1.9653209815546788
231,571751,1.0394536984754206
232,572110,1.6230731225296464
233,573207,0.688107707509885
234,573406,1.6985177865612677
235,573965,0.46877470355731216
236,573966,0.1282608695652174
237,573968,0.3713438735177883
238,574110,-0.5750247035573117
239,574627,4.34367588932807
240,574763,0.6685276679841878
241,574801,1.521630434782614
242,575024,-0.05029644268774266
243,575993,-3.092613636363634
244,577330,1.0470158102766927
245,578323,0.8553112648221352
246,578532,-0.5012845849802411
247,582261,-2.0781620553359623
248,582679,1.1169071146245024
249,582687,-4.584420289855076
250,582738,-0.02816205533599219
251,582989,-1.2466156126482166
252,583457,1.8362648221343851
253,585987,0.33870223978919983
254,586357,1.6701364577451532
255,587403,1.354040137398832
256,587404,1.3522770092226613
257,588414,3.6293972332015745
258,588466,0.24177371541501808
259,588619,-0.29634724967062037
260,590022,-0.0645750988142301
261,590483,0.9830039525691681
262,591042,0.9408473715020155
263,593469,-0.20222496706192505
264,594566,-3.5566699604743106
265,595127,1.992901844532271
266,598675,0.6592770092226552
267,598717,0.11520998023715386
268,600014,0.26842885375493525
269,600023,2.633932806324083
270,600030,0.6448463438735154
271,600101,0.15795454545454402
272,600117,0.07325592885376021
273,600129,4.80496294466403
274,600131,7.192045454545454
275,600133,-1.4003952569169917
276,600166,0.2624505928853748
277,600171,0.5689624505928752
278,600199,-8.145158102766855
279,600200,0.13005928853754947
280,600235,-2.0010869565217506
281,600262,-0.12588932806324313
282,600284,-1.5240859683794483
283,600370,-0.391930171277997
284,600485,-0.6500988142292426
285,600500,0.6227766798418952
286,600511,-1.8847537878787826
287,600522,0.6182435770750911
288,600582,0.11707427536231972
289,600587,-0.4940464426877575
290,600650,-3.0202816205533534
291,600880,0.009723320158101437
292,600936,-0.07378705533596891
293,600998,-0.11518774703557354
294,601014,0.20219367588932793
295,601016,-0.20326086956521794
296,601022,-0.10637845849802435
297,601024,1.357766798418973
298,601025,0.1020750988142287
299,601103,7.686264822134394
300,601120,0.953547430830034
301,601127,-5.358547430830035
302,601138,0.021936758893278993
303,601140,-0.4775691699604733
304,601585,-0.4378458498023712
305,601789,1.5979249011857657
306,601792,2.5005928853754824
307,601921,-1.0421277997364933
308,602453,5.493043478260864
309,602559,0.9427411067193672
310,602609,-0.06363636363636282
311,602673,-0.5521837944664018
312,602706,1.2601704545454584
313,602723,-0.10705862977602397
314,602769,-1.3473484848484873
315,602811,-0.09041501976284574
316,603003,0.34436758893280495
317,603068,0.5026309288537556
318,603120,3.012351778656127
319,603145,0.05936100131752387
320,603147,0.05459486166007683
321,603340,0.03598814229249044
322,603378,-2.039743083003956
323,603383,-2.1983530961791877
324,603386,-3.7036231884058015
325,603434,0.29144021739130554
326,603437,-0.06487154150197647
327,603439,0.393185111989459
328,603528,-0.18102766798419204
329,603529,-0.20556077075098797
330,603530,-0.2991106719367614
331,603564,1.6171014492753597
332,603665,0.4239459815546757
333,603822,-1.522727272727275
334,603852,5.8788932806324095
335,603912,0.3996689723320147
336,603914,-1.1315958498023757
337,603927,-0.23507905138339977
338,604061,-1.1192852437417604
339,604105,0.08285573122529602
340,604120,-1.794659914361004
341,604123,-1.7053194993412282
342,604129,0.17865612648222048
343,604150,1.4494257795344794
344,604184,0.2717391304347809
345,604191,3.8552042160737794
346,604209,2.7963438735177384
347,604213,1.8821640316205557
348,604240,-3.8939846837944674
349,604241,-3.472013339920948
350,604278,2.641057312252951
351,604323,0.77344861660079
352,604343,-0.12352272727272516
353,604344,-1.002855731225296
354,604416,7.53571146245061
355,604441,-0.6169169960474321
356,604464,1.808083003952576
357,604510,5.579874835309621
358,604516,4.196990259740301
359,604624,0.10002470355732823
360,604631,0.6411355401844644
361,604682,1.9141798418972378
362,604724,1.2180500658761513
363,604725,1.1733581545266312
364,604782,-8.094318181818178
365,604787,0.5166996047430819
366,604802,-1.408992094861663
367,604805,-0.9850461133069845
368,605030,0.015019762845850042
369,605035,0.5532114624505925
370,605048,0.5188241106719369
371,605111,1.0799901185770735
372,605129,2.9902964426877516
373,605206,0.08631724857268348
374,605218,0.6491353754940703
375,605286,3.958216403162056
376,605474,1.0919682147562588
377,605546,0.4145256916996034
378,605576,0.6988043478260848
379,605607,0.1668478260869571
380,605666,0.12593379446640385
381,605684,0.30537549407114517
382,605731,0.5908926218708836
383,605867,0.887471179183136
384,605935,-0.8729990118576952
385,605938,-4.892934782608721
386,605994,6.731146245059288
387,606020,0.3600790513833995
388,606021,1.1044960474308323
389,606022,0.8917490118577077
390,606023,1.3766304347826073
391,606024,1.2248023715414997
392,606025,1.2918972332015775
393,606052,0.10128458498023667
394,606136,0.40553606719367596
395,606182,-0.8545454545454564
396,606236,5.224802371541496
397,606295,1.33078063241106
398,606296,1.3076086956521773
399,606300,1.1607075098814237
400,606354,0.4171195652173894
401,606372,1.8349802371541484
402,606421,0.10911231884057708
403,606691,1.036561264822136
404,606835,5.748544960474319
405,606843,3.699644268774705
406,607026,-0.2856620553359675
407,607028,-0.6804841897233243
408,607032,-0.5562549407114616
409,607039,-0.6241106719367624
410,607043,-0.2905434782608706
411,607056,1.5633498023715433
412,607066,0.4763339920948605
413,607126,0.476877470355731
414,607144,0.2758069828722
415,607153,0.5282361660079009
416,607158,0.5173418972331985
417,607164,1.1358448616600776
418,607172,0.2687401185770759
419,607189,0.14365036231883963
420,607190,0.11504446640315989
421,607201,1.4679100790513826
422,607206,0.9621541501976268
423,607207,1.237030632411059
424,607248,-1.417539525691703
425,607356,0.13162055335968392
426,607451,-1.6810935441370272
427,607491,0.2659513614404914
428,607540,1.692910079051384
429,607558,1.1327567523056654
430,607580,0.6734848484848491
431,607669,0.3601877470355731
432,607670,-1.1080675230566521
433,607674,0.715365612648223
434,607684,-1.2505928853754915
435,607699,-1.840217391304353
436,607726,0.3094696969696987
437,607727,0.06728260869564949
438,607737,-0.6843379446640309
439,607739,-1.3132575757575713
440,607741,-1.1537154150197646
441,607743,-2.206432806324111
442,607752,0.011745059288537545
443,607785,-4.638537549407116
444,607832,0.4182312252964416
445,607839,-7.775197628458507
446,607856,1.0601482213438778
447,607867,0.6186083662714076
448,607880,0.13810935441370267
449,607888,-0.06538208168643182
450,607979,-2.9766304347826136
451,608103,0.10231389986824961
452,608112,0.029051383399209294
453,608125,0.044111495388669125
454,608209,0.624925889328063
455,608242,0.8410910737812914
456,608286,2.7764822134387273
457,608293,-0.07687747035572984
458,608296,-0.14886363636363753
459,608304,-0.1744169960474315
460,608313,0.034762845849802916
461,608358,-0.6862648221343882
462,608368,0.9124011857707501
463,608371,0.5243247694334614
464,608376,0.21880434782608904
465,608384,0.2438306982872175
466,608396,-0.32353507905138396
467,608402,-1.0025197628458522
468,608411,-2.2565217391304375
469,608419,-0.7988735177865645
470,608430,0.7150634057971015
471,608535,-2.161956521739118
472,608591,2.1917654808959144
473,608612,0.022766798418971997
474,608647,-1.348542490118577
475,608792,0.3707592226613957
476,608799,-1.3100148221343868
477,608800,-1.754748023715415
478,608807,-2.8828557312252916
479,608906,0.9641963109354423
480,609041,2.229718379446641
481,609188,7.310284914361016
482,609267,0.3491205533596823
483,609429,0.15217391304347794
484,609473,-3.0275541831357065
485,609483,0.3158761528326734
486,609618,-0.09502635046113347
487,609654,2.545385375494074
488,609664,-1.2789525691699644
489,609725,0.06220355731225235
490,609766,1.0518774703557325
491,609816,0.009683794466402612
492,609851,-0.30454545454544935
493,609883,-1.5597084980237168
494,609892,3.0265810276679797
495,610098,2.3575592885375425
496,610105,-4.185810276679839
497,610123,0.4296072134387286
498,610125,0.27820734519102913
499,610215,-3.122554347826086
500,610232,0.7679907773386038
501,610320,0.17490612648221288
502,610414,-0.1047430830039543
503,610435,1.334090909090906
504,610459,-2.2197299077733446
505,610466,4.284229249011854
506,610478,3.3908102766798365
507,610506,-0.06131422924901214
508,610524,-1.0708912744041197
509,610533,0.22403708527967406
510,610544,0.8788337568228866
511,610699,-7.369421936758904
512,610703,-2.189031620553359
513,610730,1.4599528985507149
514,610756,-0.029070322793164186
515,610757,-0.7591897233201844
516,610898,0.6414805665349124
517,611018,-0.14304347826087094
518,611027,-0.14420948616600943
519,611078,0.0344861660079049
520,611131,0.5365118577075104
521,611218,0.31705457133446413
522,611361,-2.189179841897234
523,611373,4.586890316205534
524,611586,1.3602272727272788
525,611613,0.35187747035573125
526,611623,0.6555335968379378
527,611625,0.21138833992094963
528,611717,-0.5174942358366322
529,611789,1.0132312252964428
530,611808,-0.00914031620554212
531,611862,0.8249077733860439
532,611903,0.7751976284584985
533,611915,0.3992588932806269
534,611941,0.7803260869565228
535,611966,0.19274950592885437
536,612020,-0.09773715415019821
537,612035,0.41038866930170986
538,612055,-0.40964426877469967
539,612109,6.470708992094841
540,612176,-1.0929940711462443
541,612214,1.1807147562582387
542,612238,-0.07623517786561933
543,612290,-0.9779347826086986
544,612329,0.26161067193675724
545,612330,0.2620355731225265
546,612420,-2.755311264822131
547,612492,0.005029644268775979
548,612522,-2.917803030303039
549,612530,-2.78183465085639
550,612550,-0.2899703557312248
551,612565,6.876548089591571
552,612571,9.03778656126485
553,612602,-1.0571146245059324
554,612633,6.064575098814265
555,612658,0.5415019762845805
556,612659,1.7813030303030304
557,612663,0.18646245059288621
558,612679,0.7523715415019803
559,612682,-0.08908102766798427
560,612687,0.046788537549409474
561,612691,0.2197134387351775
562,612706,-2.9726284584980216
563,612897,0.08557312252964434
564,612953,-3.8394219367588867
565,612957,-1.532106389986822
566,612958,-1.6277420948616677
567,612994,-0.9889575098814242
568,613001,-3.2853837285902476
569,613003,-3.52151679841898
570,613016,0.7193675889328033
571,613020,1.8829380764163366
572,613023,0.408349802371541
573,613024,0.0006006258234519081
574,613025,-4.296650691699594
575,613029,-0.6098484848484849
576,613045,0.05770750988142406
577,613116,2.247463768115945
578,613119,0.5119466403162045
579,613120,0.015583003952569736
580,613162,0.06984189723320346
581,613297,0.42393774703557213
582,613339,5.467984189723314
583,613376,-0.8532032279314873
584,613528,1.167490118577075
585,613532,1.7857114624505912
586,613581,-2.5454545454545507
587,613852,0.26809123847167415
588,613853,0.12844614624506132
589,613860,-0.9237203557312264
590,613867,0.5203227931488797
591,613868,-0.10283761528326547
592,613870,-0.7154644268774742
593,613880,0.08692358366271294
594,613888,0.1788043478260987
595,613932,1.0460309617918397
596,613951,0.14762845849802372
597,613969,1.2855830039525624
598,613985,0.004644268774692437
599,614002,0.2681982872200271
600,614010,-1.2429347826087054
601,614028,-0.5676581027668001
602,614032,-0.5339920948616615
603,614181,0.12675889328063247
604,614220,0.23702569169960366
605,614238,0.5061660079051413
606,614257,0.9025013175230602
607,614259,0.21798418972332237
608,614282,0.6661067193675928
609,614389,0.24750164690382065
610,614409,6.509601449275351
611,614444,0.21462450592884308
612,614445,0.13266633728590368
613,614479,1.1409634387351764
614,614493,-0.1764986824769371
615,614500,7.12755270092225
616,614503,0.1450263504611333
617,614505,0.20129446640316567
618,614537,-0.0018774703557313522
619,614539,5.5604496047431065
620,614541,0.7360573122529628
621,614544,5.8179292929292865
622,614563,-0.17798748353096003
623,614567,1.296363636363648
624,614575,0.1076086956521816
625,614576,0.3747035573122609
626,614605,-0.06168626482213524
627,614647,1.1258399209486125
628,614653,0.13826086956521827
629,614664,-0.05177206851119878
630,614731,0.23836462450592946
631,614788,1.1212450592885372
632,614807,0.023171936758893348
633,614830,0.1867934782608684
634,614831,0.201828063241106
635,614838,-0.17238142292490077
636,614851,-0.2632905138339971
637,614868,-0.18226284584980043
638,614875,-0.06551383399210109
639,614897,1.2920454545454518
640,614938,0.21757740447957916
641,614966,0.5562252964426837
642,614970,2.8381916996047423
643,614989,1.5970849802371523
644,614990,2.6811017786561266
645,615044,4.087944664031621
646,615097,3.1227667984189744
647,615112,0.8693675889328051
648,615125,2.16503623188406
649,615222,-2.0023836687028336
650,615235,-1.885638998682489
651,615236,0.748310276679846
652,615271,0.4344614624505984
653,615275,-3.560116106719362
654,615279,-1.7076951581027713
655,615283,-1.3655632411067151
656,615294,-1.8389822134387392
657,615302,-2.456571146245064
658,615354,-4.815754117259598
659,615407,-0.07895553359684845
660,615508,-0.001383399209486647
661,615569,0.6353260869565165
662,615577,-1.0312747035573013
663,615602,-0.2498962450592857
664,615607,-1.2786067193675883
665,615610,-0.17348484848484944
666,615616,-0.8408102766798421
667,615627,-0.9396245059288559
668,615639,1.638833992094864
669,615648,0.011156126482214977
670,615717,0.6307971014492688
671,615723,1.4602766798418976
672,615764,-0.9934288537549371
673,615823,1.8110474308300288
674,615881,-1.7325197628458546
675,615942,1.835928853754951
676,615955,-3.5022430830039486
677,615982,0.9615365612648216
678,616008,-0.001679841897232956
679,616118,1.4583498023715402
680,616193,-0.4619894598155448
681,616221,0.25917984189723525
682,616230,0.07756916996047131
683,616235,0.9906719367588916
684,616246,0.5608860342555999
685,616247,0.267885375494067
686,616255,0.09738142292489664
687,616270,-0.408399209486164
688,616332,0.27912549407114934
689,616444,0.041383399209486325
690,616485,2.1664459815546633
691,616498,0.5986042490118547
692,616522,-0.9889328063241162
693,616564,-0.33893280632411255
694,616565,-4.384090909090899
695,616571,0.4248023715415016
696,616590,1.5337582345190934
697,616613,1.5090909090909057
698,616640,0.09087615283267109
699,616677,0.41951581027667983
700,616780,2.135909090909081
701,617007,-9.815266798418932
702,617074,-0.3410161396574403
703,617083,-2.491676712779963
704,617098,-0.8384650856389975
705,617100,-1.444081027667982
706,617190,-0.5139492753623147
707,617212,-4.094696146245056
708,617275,0.5772518194366012
709,617290,1.100187747035574
710,617446,-8.22855731225296
711,617559,0.08606719367588757
712,617571,-5.080500658761502
713,617653,1.8729858366271432
714,617657,-1.5964153491435988
715,617786,1.8449604743083043
716,617831,-2.616650197628455
717,617852,-2.318066534914351
718,617856,-1.0583333333333353
719,617861,-1.0981472332015836
720,617868,-3.0569169960474323
721,617992,-0.7164031620553368
722,617995,-0.20386610671936797
723,618019,-0.10093362977602124
724,618118,1.5326828063241071
725,618121,0.5373682476943306
726,618189,6.0963916337285875
727,618245,-0.5486660079051335
728,618267,2.72045454545454
729,618342,3.3600691699604726
730,618447,1.4389575098814267
731,618481,-0.2873616600790509
732,618528,0.7856060606060572
733,618535,-1.0878952569169915
734,618622,-0.9032608695652153
735,618683,-0.283162055335969
736,618684,-0.6034811055216162
737,618686,-0.3284171008504019
738,618705,-0.7379019856954662
739,618723,-0.32544315532952
740,618728,-1.4920059288537568
741,618731,-1.7272430830039427
742,618874,-0.9948517786561272
743,618942,0.0749423583662716
744,619272,-0.07924901185770739
745,619314,-0.32257905138340043
746,619348,-0.13865612648221315
747,619351,-0.08815546772068482
748,619352,0.17688523433088674
749,619353,-0.06333992094861624
750,619360,0.005261857707509822
751,619367,-0.10753787878787893
752,619399,-1.5954051383399144
753,619413,0.15391469038208203
754,619426,0.15184782608695854
755,619477,2.3678689064558682
756,619482,-3.496986166007902
757,619553,0.33369565217392055
758,619649,0.2898094354042969
759,619664,0.29901185770751354
760,619742,-4.288883399209489
761,619754,-1.551548089591565
762,619782,0.592248023715416
763,619794,0.8517687747035572
764,619803,-0.054298418972332084
765,619807,0.44362648221343953
766,619811,0.7610671936758848
767,619815,0.19765316205533573
768,619839,0.8283300395256912
769,619841,1.3293379446640368
770,619847,1.1674728260869585
771,619848,0.5578285573122526
772,619849,1.3572332015810398
773,619853,1.576913702239791
774,619854,-2.0424061264822124
775,619856,-4.210839920948623
776,619857,0.31683794466402826
777,619858,-0.03292490118577101
778,619859,0.1530187747035644
779,619860,0.8213339920948622
780,619861,0.49067687747035565
781,619865,1.2065826745717938
782,619866,0.9075790513833979
783,619867,1.3018231225296404
784,619868,1.014881422924905
785,619869,0.34470849802371367
786,619870,1.2727519762845767
787,619871,1.0593998682476906
788,619875,-2.277737154150195
789,619876,-1.8400395256916917
790,619877,-2.2456892292490083
791,619878,-2.3040859683794417
792,619879,-2.142381422924902
793,619882,-2.2568330039525786
794,619884,-2.016233530961797
795,619885,-1.9199374176548099
796,619886,-2.4020652173912853
797,619887,-2.320064229249008
798,619888,-2.1692366600790507
799,619889,-0.9312648221343821
800,619893,-0.054258069828725705
801,619894,-2.079430994729913
802,619895,-2.436179183135707
803,619896,-2.2030830039525706
804,619897,-1.7826284584980243
805,619898,-2.1596492094861675
806,619899,0.45452816205533264
807,619900,-0.18267539525692034
808,619901,-1.4603680830039543
809,619904,0.3553211462450564
810,619905,0.39746541501976157
811,619907,-3.45468626482216
812,619917,-4.042322134387351
813,619918,-4.7625395256916985
814,619919,-3.8737030632411127
815,619922,-3.915499011857664
816,619924,-3.9956768774703595
817,619925,-2.499125494071149
818,619926,-2.567267786561282
819,619927,-4.227040513833997
820,619928,-4.2087302371541435
821,619930,-3.6412252964426925
822,619934,-0.4676976284584952
823,619936,0.8774193017127854
824,619937,-1.3414920948616478
825,619938,-2.5516304347826164
826,619939,-2.5043181818181983
827,619940,-2.3639081027668025
828,619941,-1.7542416007905055
829,619943,0.4247727272727254
830,619944,0.22333003952569183
831,619945,0.4113142292490102
832,619946,2.714930830039519
833,619947,2.605133399209482
834,619948,2.335266798418974
835,619951,2.8096887351778626
836,619952,3.3492094861660133
837,619955,1.7552420948616578
838,619956,1.5418379446640402
839,619957,-1.1003063241106719
840,619958,3.139155138339905
841,619959,-2.1194762845849824
842,619960,-0.19283596837944764
843,619965,-1.699950592885379
844,619966,0.036442687747035546
845,619968,-1.6320075757575756
846,619969,-0.5389056324110701
847,619970,-5.026049901185795
848,619971,-0.8409634387351763
849,619972,-1.7617564229248948
850,619973,-1.2360326086956501
851,619974,-0.9359683794466344
852,619975,-0.7555830039525708
853,619976,0.1554512516469047
854,619977,-1.2592687747035671
855,619978,-1.2327964426877434
856,619979,-2.515548418972334
857,619980,-2.456640316205534
858,619982,-2.8098270750988408
859,619983,-2.792959486166013
860,619984,-2.8245553359683964
861,619985,-2.8115167984189684
862,619986,-2.9684535573122437
863,619987,-2.7895405138339844
864,619989,-2.700360671936773
865,619992,-2.1054545454545495
866,619993,-2.110291501976287
867,619994,-2.333567193675895
868,619995,-2.235202569169968
869,620000,-0.9796047430830022
870,620001,-1.0691254940711588
871,620002,-1.1670503952569191
872,620003,-1.3335128458498082
873,620004,-0.287613636363636
874,620006,-0.7466600790513883
875,620009,-0.8994219367588939
876,620010,-0.7193033596837978
877,620011,-1.0271862648221377
878,620013,-2.3741749011857696
879,620015,-0.8096294466403117
880,620016,-1.2169812252964463
881,620017,-0.31224802371541827
882,620018,-1.5554841897233298
883,620019,-1.6500790513834
884,620021,-1.9989525691699634
885,620023,-1.8012030632411085
886,620024,-2.320523715415021
887,620025,-2.062243083003949
888,620031,-2.8395454545454517
889,620032,-2.8636017786561276
890,620035,-2.823320158102766
891,620036,-2.943942687747044
892,620038,-2.2856077075098797
893,620039,-2.239110671936761
894,620040,-2.586146245059295
895,620041,-2.2500148221343843
896,620042,-1.9797068511198974
897,620044,-1.220095520421607
898,620045,-1.3157015810276702
899,620046,-1.421348814229253
900,620047,-0.49393280632411085
901,620048,0.11356719367588466
902,620049,0.4281324110671897
903,620050,0.5407534584980235
904,620051,0.7480764163372805
905,620055,-1.7253804347826096
906,620056,-1.8460523715415067
907,620057,-1.8744120553359709
908,620059,-1.8599703557312242
909,620060,-1.8006077075098803
910,620061,-1.6589130434782642
911,620062,-0.26416996047430985
912,620063,0.14894268774703198
913,620064,-1.2952519762845882
914,620066,0.4596986166007873
915,620070,-1.8871294466403021
916,620072,-0.9218626482213517
917,620073,-1.4136907114624622
918,620074,-1.7343478260869625
919,620075,-1.6516057312252987
920,620076,-1.6144713438735134
921,620077,-1.4518379446640248
922,620078,-2.1601581027667947
923,620079,-0.4990909090909101
924,620080,-0.5985671936758891
925,620081,-1.966837944664037
926,620082,-1.8115118577075076
927,620083,-2.1061445981554736
928,620085,-2.0488735177865602
929,620086,-0.8010820158102807
930,620087,-0.3537796442687728
931,620088,-0.3584486166007919
932,620089,0.07984683794466403
933,620090,-0.5446492094861662
934,620094,-0.12629446640316377
935,620096,-0.5908695652173914
936,620097,-0.6727272727272718
937,620099,0.7158201581027676
938,620100,0.7289748023715454
939,620101,-1.8413784584980313
940,620102,-0.6335309617918389
941,620103,0.9821788537549485
942,620104,0.9426432806324124
943,620105,-1.839288537549405
944,620106,1.2218675889327952
945,620107,1.4233250988142232
946,620109,1.4096788537549365
947,620110,1.093829051383398
948,620111,1.147544466403157
949,620112,0.9078689064558654
950,620113,0.14986989459815409
951,620114,-0.22060029644268156
952,620115,-1.2090316205533613
953,620118,-0.17710968379446693
954,620119,-0.2546245059288531
955,620120,-0.3675247035573118
956,620121,0.49899209486166174
957,620122,0.6887302371541484
958,620124,0.28539525691699447
959,620125,-2.9440217391304326
960,620126,-3.318611660079055
961,620128,-3.4252865612648247
962,620129,-3.0083794466403195
963,620132,-0.11896245059288305
964,620133,-0.06857213438735209
965,620134,-2.335449604743078
966,620136,-1.1439039855072413
967,620137,-0.32690711462450667
968,620138,-2.9213586956521587
969,620140,-2.709290719984893
970,620144,-1.4100543478260874
971,620146,-3.931457509881429
972,620147,-4.242608695652169
973,620152,1.3356225296442634
974,620156,0.029478298875037823
975,620157,-7.260820158102781
976,620158,-4.354288537549417
977,620160,-2.3812154150197657
978,620161,-0.3411660079051389
979,620162,-0.07975790513834022
980,620163,1.7673073122529668
981,620164,0.9885523715415072
982,620165,0.9808053359683749
983,620172,-1.1973023715415057
984,620173,-1.7198418972331968
985,620174,-0.9358399209486188
986,620175,-2.194575098814237
987,620179,-2.6236363636363715
988,620181,-2.3338339920948683
989,620183,-0.5538685770750997
990,620185,-1.499975296442695
991,620186,-1.1399308300395197
992,620187,-1.3502865612648174
993,620191,-3.107579051383395
994,620193,-3.1644021739130572
995,620194,-1.070928853754946
996,620196,-3.665988142292487
997,620197,-1.6403952569170022
998,620199,-0.3891304347826094
999,620200,-3.110834980237151
1000,620202,-3.719081027667986
1001,620204,-3.1565118577075153
1002,620205,-3.3610029644268598
1003,620206,-3.233932806324116
1004,620208,-3.1022924901185784
1005,620209,-3.055528656126486
1006,620210,-0.8989130434782622
1007,620211,-1.2177569169960465
1008,620212,-1.3818972332015786
1009,620213,-1.467717391304348
1010,620214,-1.4636561264822154
1011,620215,-2.7730039525691694
1012,620218,-2.132840909090913
1013,620220,-1.940489130434778
1014,620221,-1.2550049407114645
1015,620222,-1.4414179841897297
1016,620223,-1.2348616600790527
1017,620224,-1.786553853754939
1018,620225,-1.6879644268774703
1019,620226,-1.7264723320158113
1020,620227,-1.08240118577076
1021,620228,-1.3076284584980216
1022,620229,-3.022455533596835
1023,620230,-3.365696640316208
1024,620231,-3.2593428853754918
1025,620233,-3.0631867588932895
1026,620236,-3.1049061264822053
1027,620237,-3.039708498023722
1028,620238,-3.2243972332015995
1029,620239,-3.404357707509851
1030,620240,-1.6122653162055327
1031,620241,-1.6953310276679856
1032,620242,-1.737047924901181
1033,620243,-1.5435770750988165
1034,620244,-1.5905632411067165
1035,620245,-1.4897332015810192
1036,620246,-2.0681225296442713
1037,620247,-2.628053359683792
1038,620248,-3.9284189723320164
1039,620249,-2.8903804347826005
1040,620250,-3.1549357707509964
1041,620251,-4.888322628458462
1042,620252,-5.8894219367588905
1043,620255,-8.886237648221314
1044,620256,-9.389634387351792
1045,620260,-9.914609683794444
1046,620261,-3.2538372859025153
1047,620262,-2.728666007905129
1048,620263,-0.6927346837944551
1049,620264,-1.0517712450592824
1050,620265,-5.804201251646903
1051,620266,-5.82291254940708
1052,620267,-3.1248863636363593
1053,620268,-6.064046442687741
1054,620271,-9.104829545454528
1055,620279,-14.500714756258244
1056,620282,-1.303683202502376
1057,620284,-0.49492094861660224
1058,620285,-0.7785721343873547
1059,620287,-1.9556620553359694
1060,620289,-1.6230088932806421
1061,620290,-1.6150247035573082
1062,620291,-1.618927865612646
1063,620292,-1.6334157672038174
1064,620294,-0.8424183619410899
1065,620295,0.3118824110671935
1066,620296,1.1465859683794628
1067,620298,0.5047529644268749
1068,620300,-2.328824110671935
1069,620301,-2.31513833992095
1070,620304,-0.15429841897233376
1071,620305,-0.46785079051383344
1072,620306,-0.03767786561264785
1073,620308,-0.28122529644268807
1074,620309,-0.10464920948616675
1075,620310,0.16487977602108017
1076,620311,0.77990118577075
1077,620313,1.350614295125161
1078,620315,0.7357806324110667
1079,620316,1.1799654150197627
1080,620317,1.4770306324110665
1081,620319,0.6916749011857715
1082,620320,0.5995158102766833
1083,620322,0.35704888787102196
1084,620323,0.46484683794466497
1085,620324,0.4192490118577047
1086,620327,-0.09227272727272708
1087,620380,2.5204545454545526
1088,620482,-1.299624505928855
1089,620513,-2.370199275362326
1090,620517,-2.533129117259556
1091,620519,-4.378708827404461
1092,620522,-1.4286643610013159
1093,620524,-1.043590250329381
1094,620529,-1.4610474308300396
1095,620591,-2.5319120553359777
1096,620611,-1.5300790513834124
1097,620687,-0.46469038208168717
1098,620708,0.533132411067194
1099,620722,0.18615612648221352
1100,620724,-0.043502964426875596
1101,620773,0.5308201581027571
1102,620777,3.21134716732543
1103,620810,-4.0662022397892095
1104,620817,-2.994624505928855
1105,620833,0.5185111989459803
1106,620871,-0.20665513833992005
1107,620875,-0.45585968379446595
1108,620877,0.8238866930171296
1109,620899,2.406340579710147
1110,621098,0.5753623188405768
1111,621102,-4.212865612648224
1112,621154,0.08996047430830127
1113,621171,-0.6912549407114692
1114,621197,3.6912549407114565
1115,621201,2.605484189723315
1116,621337,2.0542819499341043
1117,621364,-1.4443346508563912
1118,621408,-0.7080780632411096
1119,621425,0.11402173913043447
1120,621510,0.08055994729907766
1121,621513,0.39273715415018673
1122,621523,-0.8952239789196363
1123,621538,1.7040513833992073
1124,621558,0.6484848484848483
1125,621581,1.1600790513833987
1126,621584,0.8503952569169968
1127,621601,1.1493412384716755
1128,621673,-1.6283201581027549
1129,621674,-1.5570059288537559
1130,621675,-1.571996047430835
1131,621861,-0.09362648221344351
1132,621868,0.3674407114624507
1133,621904,0.11398221343873505
1134,621911,2.334683794466406
1135,621935,1.1561445981554639
1136,621947,0.6277750329380751
1137,621952,0.8234189723320124
1138,621997,-0.013506258234520865
1139,622028,0.4194911067193667
1140,622029,0.5252140974967013
1141,622057,-1.6773913043478246
1142,622069,-1.489308300395255
1143,622278,3.8109436758893227
1144,622286,7.750411725955209
1145,622306,4.31251823357801
1146,622309,3.096202239789195
1147,622317,6.092964426877454
1148,622333,-4.395816864295126
1149,622353,5.158201581027666
1150,622362,3.045251976284594
1151,622429,1.5914031620553442
1152,622438,-0.08022068511198788
1153,622466,0.555978260869564
1154,622504,0.1886067193675898
1155,622505,0.05568181818182294
1156,622506,0.6444169960474259
1157,622507,0.31929347826086535
1158,622509,3.2670948616600914
1159,622529,-0.2346673254281945
1160,622789,-2.582694828722014
1161,622807,-0.07397068511198879
1162,622921,0.5081521739130423
1163,623061,0.9674489459815498
1164,623085,1.2135869565217237
1165,623122,1.580978990212685
1166,623123,1.350779808959161
1167,623128,2.9773221343873484
1168,623136,-0.0524629446640325
1169,623137,-0.028389328063239957
1170,623138,-0.03759881422924698
1171,623140,-0.02051136363636381
1172,623141,0.09570405138339717
1173,623142,-0.05001482213438847
1174,623223,-0.9250000000000012
1175,623553,-0.721590909090911
1176,623562,0.23389328063241027
1177,623581,0.7010087285902531
1178,623582,0.853017951251644
1179,623583,2.0024291831357033
1180,623592,0.04602519762845839
1181,623646,0.73616600790514
1182,623648,2.3825469367588994
1183,623681,-2.39970355731225
1184,623811,-2.48705533596839
1185,623829,-3.0105731225296384
1186,623847,-2.0166007905138312
1187,623858,-0.3748122529644283
1188,623950,-1.5647134387351815
1189,623952,-0.6528804347826023
1190,624116,-0.7518058300395168
1191,624118,-0.6690019762845854
1192,624124,-0.4382905138339909
1193,624137,-0.114426877470358
1194,624139,0.28068181818182003
1195,624141,0.3688833992094868
1196,624143,0.24135375494071187
1197,624144,0.38036067193675877
1198,624146,0.8335968379446671
1199,624147,0.6045454545454527
1200,624276,0.2603162055335951
1201,624351,-1.4923913043478247
1202,624411,0.45452075098814304
1203,624464,0.02671442687747085
1204,624537,0.13402503293807905
1205,624605,0.07564229249011897
1206,624721,0.10698698945981559
1207,624751,-1.8428458498023774
1208,624775,2.136951581027669
1209,624791,-0.6249011857707532
1210,624829,0.002453886693015001
1211,624852,1.26090226374416
1212,624881,0.07851778656126562
1213,624898,0.2810606060606063
1214,624981,-0.01723814229249364
1215,624997,-0.9157663592446205
1216,625104,1.3960474308300337
1217,625105,1.387984189723318
1218,625106,1.3452075098814238
1219,625107,-0.3488241106719363
1220,625108,1.1237154150197597
1221,625232,0.7698287220026326
1222,625265,0.14425642292489774
1223,625364,-0.35931324110672047
1224,625533,-0.8837121212121303
1225,625579,0.5991353754940747
1226,625645,-0.6848913043478346
1227,625651,5.2364953886693
1228,625680,0.41582015810276657
1229,625722,0.14986166007905166
1230,625733,2.308975625823453
1231,625808,-2.279207015810295
1232,625809,-3.3068922924901223
1233,625810,-2.8158102766798425
1234,625830,-1.0466403162055384
1235,625970,4.690882740447927
1236,626078,-0.33172760210803726
1237,626103,0.526578557312247
1238,626107,0.8739624505928808
1239,626153,2.923458498023708
1240,626355,0.2574110671936772
1241,626405,-1.3948122529644231
1242,626406,-1.6970899209486126
1243,626407,-1.8157905138339938
1244,626408,-1.1235948916037852
1245,626409,-1.3124604743083035
1246,626410,-1.414562747035573
1247,626411,-1.9608176877470354
1248,626412,-1.870879446640314
1249,626413,-2.0424604743083012
1250,626414,-2.402304841897243
1251,626523,1.1405467720685099
1252,626540,-2.656903820816865
1253,626552,1.3039043148880096
1254,626563,1.0945158102766779
1255,626566,-0.9333763175230552
1256,626567,1.1217753623188393
1257,626576,0.9025810825647765
1258,626585,-0.880522342995158
1259,626600,-0.5336100131752266
1260,626611,-1.5966534914361032
1261,626625,-4.303063241106745
1262,626627,-4.477322134387335
1263,626639,-2.7993412384716785
1264,626687,-1.409823781291175
1265,626689,-1.198498023715422
1266,626816,-6.448064417466596
1267,626825,-3.6256332345191167
1268,626829,-4.7191946640316145
1269,626834,-1.0479598155468153
1270,626838,0.2519537220026394
1271,626841,-0.262104743082999
1272,626856,3.2950098814229323
1273,626887,0.8468601778656112
1274,627169,0.04165019762845117
1275,627175,0.6482608695652198
1276,627220,0.2599472990777402
1277,627254,-0.19341238471673144
1278,627282,0.024802371541501844
1279,627332,-0.2880928853754983
1280,627337,0.0812252964426876
1281,627339,0.05496047430830253
1282,627609,1.980138339920943
1283,627711,2.1305286561265038
1284,627747,2.6130434782608587
1285,627805,7.02125164690381
1286,627815,5.681439393939401
1287,627932,0.772208498023715
1288,628072,1.1791905467720687
1289,628102,-0.024505928853755434
1290,628115,0.006324110671936873
1291,628121,-0.2862648221343858
1292,628122,0.018160408432145416
1293,628127,-0.1435770750988146
1294,628140,-0.053507905138339064
1295,628186,0.09479990118577122
1296,628201,1.009640974967062
1297,628318,0.16319169960474406
1298,628592,0.3163866930171268
1299,628601,0.024155961791831288
1300,628733,0.25245059288537586
1301,629000,0.3441082015810286
1302,629081,-0.08930904213265875
1303,629082,-0.1270275774401261
1304,629083,-0.12292612388709279
1305,629090,0.9719861660079059
1306,629110,-0.0741893312002009
1307,629124,0.1622529644268769
1308,629128,0.07798089591567792
1309,629137,-0.03561431865236297
1310,629153,0.11504644268774572
1311,629184,-5.280780632411062
1312,629211,0.05755681818181817
1313,629225,-1.047588932806322
1314,629249,-1.8141304347826082
1315,629322,-0.2359239130434888
1316,629377,1.0233201581027649
1317,629399,-0.010671936758889862
1318,629411,0.29130434782608633
1319,629451,0.522035573122523
1320,629477,1.1491847826087032
1321,629598,0.27136857707509865
1322,629610,-2.760987593324554
1323,629644,2.5422826086956465
1324,629684,0.8046837944664018
1325,630082,0.15447628458498103
1326,630191,4.89033267457182
1327,630265,0.5983201581027591
1328,630266,0.652371541501979
1329,630269,0.9953557312252991
1330,630270,0.5498007246376784
1331,630281,0.5368527667984206
1332,630882,-0.020750988142291812
1333,630899,0.020869565217390956
1334,631036,0.8334650856389996
1335,631255,-0.6424950592885346
1336,631365,-0.1817786561264867
1337,631575,0.6554594861660085
1338,631704,-1.452692687747032
1339,631710,0.9034519104084306
1340,631733,0.33930994729907804
1341,631835,-0.1854825428194985
1342,631840,0.10571146245059226
1343,631852,0.06866600790513831
1344,631883,0.3420289855072494
1345,631896,2.946590909090901
1346,631897,-0.0762022397891979
1347,631901,-0.029500988142292624
1348,632051,0.04557971014492649
1349,632053,0.08236166007905106
1350,632094,1.4609683794466464
1351,632216,2.26337285902503
1352,632376,-0.2660079051383431
1353,632601,1.4129034914360934
1354,632691,-1.773484848484848
1355,632767,1.0163290513833985
1356,632990,0.267817028985505
1357,633627,-5.598616600790511
1358,633646,0.5817835968379421
1359,633678,0.2571146245059291
1360,633680,0.8073287220026282
1361,633787,-1.1060853096179186
1362,633954,0.7159387351778655
1363,633990,0.8016798418972347
1364,634030,0.6192687747035551
1365,634099,0.5485671936758876
1366,634103,4.558932806324099
1367,634260,-0.020652173913049052
1368,634285,1.4211264822134393
1369,634356,0.4640069169960423
1370,634676,-1.5401185770750998
1371,634748,1.1747694334650833
1372,634832,-0.30539361001317733
1373,635009,0.22374835309617894
1374,635023,0.8669960474308291
1375,635256,1.1516798418972347
1376,635573,1.2147891963109274
1377,635611,0.8379446640316207
1378,635619,0.15074110671936483
1379,635943,0.45807806324110234
1380,636337,-5.230105401844531
1381,636568,0.37160737812911704
1382,636783,0.009387351778656346
1383,636832,2.1948122529644225
1384,637009,-0.19693675889328302
1385,637021,-0.2924044795783963
1386,637301,0.31088438735177576
1387,637313,-0.0022480237154130964
1388,637316,-0.07706274703557539
1389,637389,2.1253952569170074
1390,637391,0.06778656126481548
1391,637392,-0.2409337944663961
1392,637397,0.2585968379446684
1393,637621,0.024720026350464806
1394,638306,-1.5839920948616584
1395,638505,0.5262845849802378
1396,638550,0.05750988142292472
1397,638803,-1.612071805006578
1398,638915,-0.7942292490118605
1399,639281,0.22888669301712736
1400,639586,0.24712615283267522
1401,639855,0.13250988142292439
1402,639910,0.42826828063241107
1403,640010,-0.20699522397892484
1404,640286,-0.9855928853754903
1405,640384,0.12588323451910396
1406,640715,0.12178853754940447
1407,640780,0.7219985177865587
1408,640945,0.2890464426877465
1409,640950,0.42389328063241444
1410,641124,0.0071146245059272185
1411,641798,-0.04643280632411067
1412,641875,-0.20538537549408342
1413,641932,0.0955731225296442
1414,642196,-0.5821475625823562
1415,642234,-0.12725296442687972
1416,642249,-0.08239459815546969
1417,642816,0.7577569169960507
1418,642963,0.39856719367589155
1419,643681,1.214604743083008
1420,644045,-0.07391304347825926
1421,644048,0.7130187747035562
1422,644135,0.7930706521738938
1423,644149,0.5074110671936763
1424,644225,-0.03211462450592839
1425,644398,0.06729249011857666
1426,645843,0.14419960474308882
1427,645951,0.17272727272727234
1428,646557,0.10734519104084178
1429,646578,0.14169960474307886
1430,646829,-0.5330533596837955
1431,646882,0.041353754940711834
1432,647022,0.005405138339920418
1433,647309,-6.457062249572546e-16
1434,648467,0.48026844532279267
1435,648532,0.02444416996047441
1436,648614,-1.0422775032938008
1437,648836,4.889772727272742
1438,649164,-1.2466403162055342
1439,649302,0.5334609683794462
1440,649365,-0.04666666666666781
1441,649813,-0.1185869565217107
1442,649814,-0.051877470355689036
1443,649862,0.42144268774703164
1444,650671,2.8294466403162017
1445,650677,4.174209486166011
1446,650922,0.2143214756258236
1447,650931,-1.8999242424242435
1448,651280,-0.2618577075098994
1449,700244,-0.40831768774703675
1450,700273,0.06485177865612606
1451,700283,0.16556324110671883
1452,701744,-1.7420973320158113
1453,702874,0.20291501976284435
1454,800152,4.724051383399214
1455,800303,0.2131916996047428
1456,800356,-1.6105978260869538
1457,800517,-0.3397183794466423
1458,800585,-0.4268033596837946
1459,800798,-0.44764492753623264
1460,800809,-1.9490118577075104
1461,800830,0.6314064558629772
1462,800843,0.5736166007905099
1463,800875,2.1435770750988077
1464,800970,-0.07084980237154233
1465,801021,-6.953853754940722
1466,801046,1.1678853754940623
1467,801050,-0.05989624505928893
1468,801146,1.0456851119894548
1469,801286,-0.6306653491436128
1470,801337,0.17299901185770475
1471,801394,0.15662384716732525
1472,801397,0.5912919960474327
1473,801469,0.3049901185770747
1474,801489,0.6024703557312235
1475,801549,1.1838092885375509
1476,801577,-2.3653162055335906
1477,801656,0.6208995388669306
1478,801704,-0.26408102766798286
1479,801734,0.16419301712779968
1480,801840,0.3227931488801016
1481,801955,4.106775362318836
1482,802175,-0.24331686429513144
1483,802329,0.6244189017504215
1484,802331,1.2216897233201545
1485,802445,-0.013562252964426409
1486,802787,-0.04996047430830082
1487,802799,0.6176877470355718
1488,802802,-0.13105237154150087
1489,802822,0.24189723320158116
1490,802842,0.04491106719368082
1491,803164,-0.0069392292490118345
1492,803465,-0.05997675512892947
1493,803495,-1.5880764163372902
1494,803520,0.03404150197628454
1495,803547,0.21709486166007774
1496,803848,0.36503458498023755
1497,803879,2.2123517786561155
1498,804031,0.6613018774703479
1499,804042,-0.05687252964426823
1500,804050,-0.21582015810276908
1501,804053,1.2204067852437366
1502,804090,1.335760869565222
1503,804122,0.7854240777338587
1504,804155,-0.20345849802371202
1505,804174,-0.2820158102766829
1506,804195,-0.42591897233201687
1507,804205,0.10610177865612616
1508,804224,0.284667325428193
1509,804481,0.11514328063241112
1510,804522,-1.7771739130434747
1511,804552,-5.508399209486188
1512,804655,0.2874176548089631
1513,804782,0.3560029644268737
1514,805032,0.1979001976284666
1515,805118,3.587934782608692
1516,805134,1.219169960474305
1517,805135,1.385358036890649
1518,805360,1.7762187088274015
1519,805426,0.26089426877470573
1520,805455,-0.811635375494073
1521,805474,1.94835968379448
1522,805565,0.5333465085638941
1523,805650,-0.3279891304347839
1524,805793,-0.2774703557312253
1525,805803,-0.16133234519105105
1526,805894,0.0291172595520439
1527,805914,2.0174901185770735
1528,805941,1.517384716732536
1529,806050,0.07220849802371515
1530,806134,-0.5277009222661372
1531,806154,-0.15351778656126286
1532,806189,0.2369071146245053
1533,806397,-0.8787351778656112
1534,806442,0.1133300395256891
1535,806473,-0.7348299447039592
1536,806476,-2.3921837944664213
1537,806643,0.0443675889328057
1538,806657,0.7404150197628305
1539,807195,1.2726778656126474
1540,807275,1.0588833992094813
1541,807397,0.1532411067193674
1542,807428,2.1554841897233303
1543,807641,-0.0605731225296388
1544,807721,1.4255928853755018
1545,808126,-0.9818428853755002
1546,808169,-0.4801531620553368
1547,808212,-0.16105484189723304
1548,808273,-0.5862203557312252
1549,808425,0.08208168642951168
1550,808475,0.9305646116071031
1551,808476,-0.5089179841897203
1552,808558,0.033624835309624866
1553,808647,-0.6712450592885363
1554,808688,-0.14120553359684165
1555,808718,-0.1711314229249017
1556,808789,6.8073616600790485
1557,808811,3.258695652173916
1558,808833,4.454693675889327
1559,809034,4.067011693017132
1560,809300,0.20602766798418715
1561,809378,0.07892786561264678
1562,809394,1.9210120223978953
1563,809433,-0.0907312252964425
1564,809476,6.835918972332021
1565,809568,0.09698616600790391
1566,809570,-0.33502964426877446
1567,809687,-0.08982213438735075
1568,809833,0.4706686429512518
1569,809942,1.7707954545454534
1570,810276,-0.18114344532279308
1571,810297,0.7229726613965748
1572,905200,0.4825592885375492
1573,905773,1.4023631422924892
1574,908192,0.31133069828722004
